{"cameraMode":{"drawMode":0,"name":"Shaded","section":"Shading Mode"},"sceneLighting":false,"audioPlay":false,"sceneViewState":{"showFog":true,"showMaterialUpdate":false,"showSkybox":false,"showFlares":true,"showImageEffects":true,"showParticleSystems":true,"showVisualEffectGraphs":true,"m_FxEnabled":true},"in2DMode":false,"pivot":{"x":4.76837158203125e-7,"y":0.8618142008781433,"z":-0.03827614337205887},"rotation":{"x":-0.030864307656884195,"y":0.9469860792160034,"z":-0.09578970819711685,"w":-0.30512046813964846},"size":1.250514268875122,"orthographic":false}