{"cameraMode":{"drawMode":0,"name":"Shaded","section":"Shading Mode"},"sceneLighting":false,"audioPlay":false,"sceneViewState":{"showFog":false,"showMaterialUpdate":false,"showSkybox":false,"showFlares":false,"showImageEffects":false,"showParticleSystems":false,"showVisualEffectGraphs":true,"m_FxEnabled":true},"in2DMode":false,"pivot":{"x":0.22445686161518098,"y":-0.7759335041046143,"z":0.8488677740097046},"rotation":{"x":-0.019521744921803476,"y":0.9674955606460571,"z":-0.0788397565484047,"w":-0.23953178524971009},"size":1.3199399709701539,"orthographic":false}