{"cameraMode":{"drawMode":0,"name":"Shaded","section":"Shading Mode"},"sceneLighting":false,"audioPlay":false,"sceneViewState":{"showFog":false,"showMaterialUpdate":false,"showSkybox":false,"showFlares":false,"showImageEffects":false,"showParticleSystems":false,"showVisualEffectGraphs":true,"m_FxEnabled":true},"in2DMode":false,"pivot":{"x":0.00008666515350341797,"y":0.9157183170318604,"z":-0.003240227699279785},"rotation":{"x":-0.017614271491765977,"y":0.96165531873703,"z":-0.2664659321308136,"w":-0.06358025223016739},"size":1.3199399709701539,"orthographic":false}