{"cameraMode":{"drawMode":0,"name":"Shaded","section":"Shading Mode"},"sceneLighting":false,"audioPlay":false,"sceneViewState":{"showFog":false,"showMaterialUpdate":false,"showSkybox":false,"showFlares":false,"showImageEffects":false,"showParticleSystems":false,"showVisualEffectGraphs":true,"m_FxEnabled":true},"in2DMode":false,"pivot":{"x":0.011190861463546753,"y":0.8540974855422974,"z":0.09465202689170838},"rotation":{"x":-0.030864307656884195,"y":0.9469860792160034,"z":-0.09578970819711685,"w":-0.30512046813964846},"size":1.0961607694625855,"orthographic":false}