{"cameraMode":{"drawMode":0,"name":"Shaded","section":"Shading Mode"},"sceneLighting":false,"audioPlay":false,"sceneViewState":{"showFog":true,"showMaterialUpdate":false,"showSkybox":false,"showFlares":true,"showImageEffects":true,"showParticleSystems":true,"showVisualEffectGraphs":true,"m_FxEnabled":true},"in2DMode":false,"pivot":{"x":-0.12672889232635499,"y":5.369999885559082,"z":2.4987905025482179},"rotation":{"x":0.24123045802116395,"y":0.5057119131088257,"z":-0.15059146285057069,"w":0.8146779537200928},"size":0.1027299240231514,"orthographic":false}